file_id,age
image_0.jpg,57
image_1.jpg,42
image_10.jpg,33
image_100.jpg,48
image_1000.jpg,23
image_1001.jpg,28
image_1002.jpg,79
image_1003.jpg,36
image_1004.jpg,48
image_1005.jpg,65
image_1006.jpg,32
image_1007.jpg,63
image_1008.jpg,70
image_1009.jpg,38
image_101.jpg,57
image_1010.jpg,49
image_1011.jpg,11
image_1012.jpg,79
image_1013.jpg,63
image_1014.jpg,52
image_1015.jpg,28
image_1016.jpg,56
image_1017.jpg,45
image_1018.jpg,23
image_1019.jpg,41
image_102.jpg,33
image_1020.jpg,35
image_1021.jpg,12
image_1022.jpg,4
image_1023.jpg,29
image_1024.jpg,34
image_1025.jpg,54
image_1026.jpg,13
image_1027.jpg,5
image_1028.jpg,30
image_1029.jpg,28
image_103.jpg,28
image_1030.jpg,67
image_1031.jpg,3
image_1032.jpg,50
image_1033.jpg,32
image_1034.jpg,27
image_1035.jpg,45
image_1036.jpg,67
image_1037.jpg,25
image_1038.jpg,47
image_1039.jpg,27
image_104.jpg,19
image_1040.jpg,13
image_1041.jpg,44
image_1042.jpg,36
image_1043.jpg,54
image_1044.jpg,41
image_1045.jpg,39
image_1046.jpg,29
image_1047.jpg,45
image_1048.jpg,67
image_1049.jpg,3
image_105.jpg,26
image_1050.jpg,54
image_1051.jpg,67
image_1052.jpg,27
image_1053.jpg,65
image_1054.jpg,71
image_1055.jpg,74
image_1056.jpg,28
image_1057.jpg,22
image_1058.jpg,30
image_1059.jpg,10
image_106.jpg,57
image_1060.jpg,66
image_1061.jpg,37
image_1062.jpg,46
image_1063.jpg,66
image_1064.jpg,18
image_1065.jpg,57
image_1066.jpg,27
image_1067.jpg,66
image_1068.jpg,65
image_1069.jpg,51
image_107.jpg,41
image_1070.jpg,81
image_1071.jpg,58
image_1072.jpg,19
image_1073.jpg,3
image_1074.jpg,30
image_1075.jpg,58
image_1076.jpg,57
image_1077.jpg,21
image_1078.jpg,22
image_1079.jpg,67
image_108.jpg,37
image_1080.jpg,24
image_1081.jpg,30
image_1082.jpg,14
image_1083.jpg,25
image_1084.jpg,61
image_1085.jpg,57
image_1086.jpg,52
image_1087.jpg,73
image_1088.jpg,55
image_1089.jpg,29
image_109.jpg,29
image_1090.jpg,24
image_1091.jpg,31
image_1092.jpg,39
image_1093.jpg,39
image_1094.jpg,54
image_1095.jpg,40
image_1096.jpg,13
image_1097.jpg,23
image_1098.jpg,16
image_1099.jpg,50
image_11.jpg,29
image_110.jpg,8
image_1100.jpg,54
image_1101.jpg,3
image_1102.jpg,54
image_1103.jpg,29
image_1104.jpg,31
image_1105.jpg,26
image_1106.jpg,28
image_1107.jpg,17
image_1108.jpg,49
image_1109.jpg,31
image_111.jpg,11
image_1110.jpg,34
image_1111.jpg,58
image_1112.jpg,58
image_1113.jpg,49
image_1114.jpg,24
image_1115.jpg,47
image_1116.jpg,64
image_1117.jpg,29
image_1118.jpg,31
image_1119.jpg,23
image_112.jpg,28
image_1120.jpg,51
image_1121.jpg,31
image_1122.jpg,59
image_1123.jpg,78
image_1124.jpg,18
image_1125.jpg,45
image_1126.jpg,60
image_1127.jpg,75
image_1128.jpg,35
image_1129.jpg,65
image_113.jpg,24
image_1130.jpg,49
image_1131.jpg,27
image_1132.jpg,50
image_1133.jpg,4
image_1134.jpg,47
image_1135.jpg,27
image_1136.jpg,84
image_1137.jpg,27
image_1138.jpg,41
image_1139.jpg,25
image_114.jpg,30
image_1140.jpg,21
image_1141.jpg,40
image_1142.jpg,34
image_1143.jpg,69
image_1144.jpg,59
image_1145.jpg,44
image_1146.jpg,30
image_1147.jpg,25
image_1148.jpg,55
image_1149.jpg,62
image_115.jpg,21
image_1150.jpg,48
image_1151.jpg,26
image_1152.jpg,56
image_1153.jpg,32
image_1154.jpg,32
image_1155.jpg,5
image_1156.jpg,13
image_1157.jpg,46
image_1158.jpg,29
image_1159.jpg,3
image_116.jpg,11
image_1160.jpg,32
image_1161.jpg,27
image_1162.jpg,8
image_1163.jpg,93
image_1164.jpg,52
image_1165.jpg,69
image_1166.jpg,58
image_1167.jpg,24
image_1168.jpg,11
image_1169.jpg,17
image_117.jpg,10
image_1170.jpg,8
image_1171.jpg,5
image_1172.jpg,44
image_1173.jpg,63
image_1174.jpg,57
image_1175.jpg,12
image_1176.jpg,88
image_1177.jpg,41
image_1178.jpg,9
image_1179.jpg,53
image_118.jpg,66
image_1180.jpg,33
image_1181.jpg,34
image_1182.jpg,35
image_1183.jpg,55
image_1184.jpg,42
image_1185.jpg,46
image_1186.jpg,44
image_1187.jpg,9
image_1188.jpg,11
image_1189.jpg,17
image_119.jpg,52
image_1190.jpg,53
image_1191.jpg,8
image_1192.jpg,45
image_1193.jpg,65
image_1194.jpg,27
image_1195.jpg,29
image_1196.jpg,11
image_1197.jpg,18
image_1198.jpg,13
image_1199.jpg,57
image_12.jpg,54
image_120.jpg,31
image_1200.jpg,69
image_1201.jpg,43
image_1202.jpg,30
image_1203.jpg,47
image_1204.jpg,37
image_1205.jpg,4
image_1206.jpg,53
image_1207.jpg,55
image_1208.jpg,47
image_1209.jpg,34
image_121.jpg,27
image_1210.jpg,24
image_1211.jpg,67
image_1212.jpg,59
image_1213.jpg,68
image_1214.jpg,41
image_1215.jpg,61
image_1216.jpg,10
image_1217.jpg,2
image_1218.jpg,59
image_1219.jpg,59
image_122.jpg,32
image_1220.jpg,29
image_1221.jpg,61
image_1222.jpg,72
image_1223.jpg,79
image_1224.jpg,3
image_1225.jpg,77
image_1226.jpg,29
image_1227.jpg,40
image_1228.jpg,69
image_1229.jpg,22
image_123.jpg,14
image_1230.jpg,12
image_1231.jpg,64
image_1232.jpg,38
image_1233.jpg,23
image_1234.jpg,29
image_1235.jpg,51
image_1236.jpg,53
image_1237.jpg,21
image_1238.jpg,8
image_1239.jpg,22
image_124.jpg,28
image_1240.jpg,27
image_1241.jpg,29
image_1242.jpg,68
image_1243.jpg,53
image_1244.jpg,25
image_1245.jpg,11
image_1246.jpg,30
image_1247.jpg,37
image_1248.jpg,41
image_1249.jpg,52
image_125.jpg,67
image_1250.jpg,6
image_1251.jpg,47
image_1252.jpg,47
image_1253.jpg,56
image_1254.jpg,38
image_1255.jpg,7
image_1256.jpg,49
image_1257.jpg,70
image_1258.jpg,42
image_1259.jpg,56
image_126.jpg,10
image_1260.jpg,46
image_1261.jpg,66
image_1262.jpg,4
image_1263.jpg,36
image_1264.jpg,25
image_1265.jpg,30
image_1266.jpg,11
image_1267.jpg,63
image_1268.jpg,45
image_1269.jpg,36
image_127.jpg,30
image_1270.jpg,36
image_1271.jpg,39
image_1272.jpg,64
image_1273.jpg,51
image_1274.jpg,38
image_1275.jpg,36
image_1276.jpg,48
image_1277.jpg,39
image_1278.jpg,30
image_1279.jpg,30
image_128.jpg,14
image_1280.jpg,50
image_1281.jpg,86
image_1282.jpg,59
image_1283.jpg,62
image_1284.jpg,28
image_1285.jpg,69
image_1286.jpg,18
image_1287.jpg,18
image_1288.jpg,56
image_1289.jpg,63
image_129.jpg,32
image_1290.jpg,28
image_1291.jpg,57
image_1292.jpg,34
image_1293.jpg,21
image_1294.jpg,53
image_1295.jpg,56
image_1296.jpg,63
image_1297.jpg,28
image_1298.jpg,32
image_1299.jpg,51
image_13.jpg,63
image_130.jpg,16
image_1300.jpg,70
image_1301.jpg,22
image_1302.jpg,20
image_1303.jpg,37
image_1304.jpg,50
image_1305.jpg,54
image_1306.jpg,36
image_1307.jpg,4
image_1308.jpg,49
image_1309.jpg,40
image_131.jpg,58
image_1310.jpg,58
image_1311.jpg,46
image_1312.jpg,38
image_1313.jpg,67
image_1314.jpg,25
image_1315.jpg,41
image_1316.jpg,34
image_1317.jpg,25
image_1318.jpg,10
image_1319.jpg,36
image_132.jpg,56
image_1320.jpg,49
image_1321.jpg,66
image_1322.jpg,29
image_1323.jpg,17
image_1324.jpg,38
image_1325.jpg,10
image_1326.jpg,17
image_1327.jpg,62
image_1328.jpg,12
image_1329.jpg,30
image_133.jpg,48
image_1330.jpg,78
image_1331.jpg,33
image_1332.jpg,46
image_1333.jpg,61
image_1334.jpg,36
image_1335.jpg,53
image_1336.jpg,35
image_1337.jpg,46
image_1338.jpg,27
image_1339.jpg,4
image_134.jpg,27
image_1340.jpg,26
image_1341.jpg,58
image_1342.jpg,28
image_1343.jpg,47
image_1344.jpg,3
image_1345.jpg,53
image_1346.jpg,52
image_1347.jpg,30
image_1348.jpg,53
image_1349.jpg,50
image_135.jpg,9
image_1350.jpg,60
image_1351.jpg,40
image_1352.jpg,56
image_1353.jpg,40
image_1354.jpg,38
image_1355.jpg,35
image_1356.jpg,5
image_1357.jpg,31
image_1358.jpg,47
image_1359.jpg,5
image_136.jpg,26
image_1360.jpg,25
image_1361.jpg,25
image_1362.jpg,42
image_1363.jpg,18
image_1364.jpg,45
image_1365.jpg,58
image_1366.jpg,39
image_1367.jpg,39
image_1368.jpg,71
image_1369.jpg,34
image_137.jpg,27
image_1370.jpg,26
image_1371.jpg,46
image_1372.jpg,35
image_1373.jpg,47
image_1374.jpg,26
image_1375.jpg,54
image_1376.jpg,11
image_1377.jpg,7
image_1378.jpg,57
image_1379.jpg,3
image_138.jpg,34
image_1380.jpg,69
image_1381.jpg,4
image_1382.jpg,73
image_1383.jpg,67
image_1384.jpg,66
image_1385.jpg,66
image_1386.jpg,92
image_1387.jpg,6
image_1388.jpg,47
image_1389.jpg,38
image_139.jpg,21
image_1390.jpg,19
image_1391.jpg,25
image_1392.jpg,37
image_1393.jpg,12
image_1394.jpg,10
image_1395.jpg,11
image_1396.jpg,52
image_1397.jpg,32
image_1398.jpg,57
image_1399.jpg,15
image_14.jpg,51
image_140.jpg,13
image_1400.jpg,70
image_1401.jpg,52
image_1402.jpg,68
image_1403.jpg,30
image_1404.jpg,28
image_1405.jpg,26
image_1406.jpg,57
image_1407.jpg,30
image_1408.jpg,42
image_1409.jpg,3
image_141.jpg,61
image_1410.jpg,13
image_1411.jpg,3
image_1412.jpg,47
image_1413.jpg,20
image_1414.jpg,45
image_1415.jpg,21
image_1416.jpg,44
image_1417.jpg,41
image_1418.jpg,34
image_1419.jpg,17
image_142.jpg,3
image_1420.jpg,31
image_1421.jpg,50
image_1422.jpg,76
image_1423.jpg,32
image_1424.jpg,30
image_1425.jpg,5
image_1426.jpg,12
image_1427.jpg,40
image_1428.jpg,11
image_1429.jpg,11
image_143.jpg,24
image_1430.jpg,24
image_1431.jpg,11
image_1432.jpg,11
image_1433.jpg,35
image_1434.jpg,12
image_1435.jpg,43
image_1436.jpg,36
image_1437.jpg,60
image_1438.jpg,36
image_1439.jpg,40
image_144.jpg,12
image_1440.jpg,43
image_1441.jpg,50
image_1442.jpg,8
image_1443.jpg,33
image_1444.jpg,2
image_1445.jpg,27
image_1446.jpg,65
image_1447.jpg,5
image_1448.jpg,51
image_1449.jpg,32
image_145.jpg,10
image_1450.jpg,3
image_1451.jpg,27
image_1452.jpg,32
image_1453.jpg,34
image_1454.jpg,26
image_1455.jpg,63
image_1456.jpg,42
image_1457.jpg,69
image_1458.jpg,27
image_1459.jpg,48
image_146.jpg,61
image_1460.jpg,45
image_1461.jpg,77
image_1462.jpg,42
image_1463.jpg,5
image_1464.jpg,29
image_1465.jpg,69
image_1466.jpg,13
image_1467.jpg,32
image_1468.jpg,30
image_1469.jpg,25
image_147.jpg,25
image_1470.jpg,33
image_1471.jpg,38
image_1472.jpg,66
image_1473.jpg,27
image_1474.jpg,30
image_1475.jpg,70
image_1476.jpg,80
image_1477.jpg,73
image_1478.jpg,58
image_1479.jpg,36
image_148.jpg,34
image_1480.jpg,33
image_1481.jpg,13
image_1482.jpg,18
image_1483.jpg,42
image_1484.jpg,39
image_1485.jpg,81
image_1486.jpg,44
image_1487.jpg,33
image_1488.jpg,60
image_1489.jpg,17
image_149.jpg,52
image_1490.jpg,19
image_1491.jpg,27
image_1492.jpg,32
image_1493.jpg,18
image_1494.jpg,46
image_1495.jpg,69
image_1496.jpg,25
image_1497.jpg,51
image_1498.jpg,36
image_1499.jpg,31
image_15.jpg,36
image_150.jpg,7
image_1500.jpg,37
image_1501.jpg,47
image_1502.jpg,36
image_1503.jpg,12
image_1504.jpg,61
image_1505.jpg,70
image_1506.jpg,68
image_1507.jpg,49
image_1508.jpg,45
image_1509.jpg,61
image_151.jpg,69
image_1510.jpg,45
image_1511.jpg,67
image_1512.jpg,44
image_1513.jpg,44
image_1514.jpg,39
image_1515.jpg,36
image_1516.jpg,37
image_1517.jpg,33
image_1518.jpg,38
image_1519.jpg,24
image_152.jpg,2
image_1520.jpg,25
image_1521.jpg,22
image_1522.jpg,53
image_1523.jpg,31
image_1524.jpg,72
image_1525.jpg,44
image_1526.jpg,10
image_1527.jpg,42
image_1528.jpg,55
image_1529.jpg,28
image_153.jpg,27
image_1530.jpg,37
image_1531.jpg,43
image_1532.jpg,51
image_1533.jpg,40
image_1534.jpg,49
image_1535.jpg,28
image_1536.jpg,24
image_1537.jpg,66
image_1538.jpg,41
image_1539.jpg,58
image_154.jpg,80
image_1540.jpg,4
image_1541.jpg,28
image_1542.jpg,78
image_1543.jpg,63
image_1544.jpg,25
image_1545.jpg,60
image_1546.jpg,33
image_1547.jpg,22
image_1548.jpg,32
image_1549.jpg,59
image_155.jpg,12
image_1550.jpg,18
image_1551.jpg,5
image_1552.jpg,53
image_1553.jpg,41
image_1554.jpg,31
image_1555.jpg,39
image_1556.jpg,21
image_1557.jpg,34
image_1558.jpg,44
image_1559.jpg,26
image_156.jpg,60
image_1560.jpg,69
image_1561.jpg,36
image_1562.jpg,72
image_1563.jpg,73
image_1564.jpg,41
image_1565.jpg,7
image_1566.jpg,39
image_1567.jpg,56
image_1568.jpg,19
image_1569.jpg,25
image_157.jpg,45
image_1570.jpg,12
image_1571.jpg,24
image_1572.jpg,40
image_1573.jpg,3
image_1574.jpg,31
image_1575.jpg,64
image_1576.jpg,28
image_1577.jpg,10
image_1578.jpg,51
image_1579.jpg,9
image_158.jpg,28
image_1580.jpg,4
image_1581.jpg,48
image_1582.jpg,64
image_1583.jpg,29
image_1584.jpg,4
image_1585.jpg,52
image_1586.jpg,73
image_1587.jpg,59
image_1588.jpg,27
image_1589.jpg,35
image_159.jpg,7
image_1590.jpg,41
image_1591.jpg,14
image_1592.jpg,15
image_1593.jpg,28
image_1594.jpg,31
image_1595.jpg,49
image_1596.jpg,25
image_1597.jpg,4
image_1598.jpg,40
image_1599.jpg,58
image_16.jpg,62
image_160.jpg,11
image_1600.jpg,6
image_1601.jpg,17
image_1602.jpg,79
image_1603.jpg,75
image_1604.jpg,73
image_1605.jpg,58
image_1606.jpg,60
image_1607.jpg,4
image_1608.jpg,29
image_1609.jpg,60
image_161.jpg,34
image_1610.jpg,77
image_1611.jpg,52
image_1612.jpg,77
image_1613.jpg,20
image_1614.jpg,51
image_1615.jpg,45
image_1616.jpg,15
image_1617.jpg,71
image_1618.jpg,39
image_1619.jpg,36
image_162.jpg,17
image_1620.jpg,65
image_1621.jpg,34
image_1622.jpg,76
image_1623.jpg,37
image_1624.jpg,55
image_1625.jpg,26
image_1626.jpg,52
image_1627.jpg,65
image_1628.jpg,42
image_1629.jpg,29
image_163.jpg,51
image_1630.jpg,4
image_1631.jpg,67
image_1632.jpg,71
image_1633.jpg,65
image_1634.jpg,46
image_1635.jpg,31
image_1636.jpg,61
image_1637.jpg,5
image_1638.jpg,23
image_1639.jpg,29
image_164.jpg,13
image_1640.jpg,27
image_1641.jpg,29
image_1642.jpg,11
image_1643.jpg,19
image_1644.jpg,62
image_1645.jpg,58
image_1646.jpg,12
image_1647.jpg,35
image_1648.jpg,79
image_1649.jpg,52
image_165.jpg,63
image_1650.jpg,13
image_1651.jpg,49
image_1652.jpg,7
image_1653.jpg,33
image_1654.jpg,25
image_1655.jpg,24
image_1656.jpg,23
image_1657.jpg,13
image_1658.jpg,60
image_1659.jpg,65
image_166.jpg,59
image_1660.jpg,47
image_1661.jpg,3
image_1662.jpg,31
image_1663.jpg,57
image_1664.jpg,7
image_1665.jpg,46
image_1666.jpg,39
image_1667.jpg,66
image_1668.jpg,46
image_1669.jpg,51
image_167.jpg,40
image_1670.jpg,59
image_1671.jpg,11
image_1672.jpg,50
image_1673.jpg,7
image_1674.jpg,56
image_1675.jpg,44
image_1676.jpg,56
image_1677.jpg,53
image_1678.jpg,41
image_1679.jpg,44
image_168.jpg,50
image_1680.jpg,31
image_1681.jpg,36
image_1682.jpg,44
image_1683.jpg,26
image_1684.jpg,10
image_1685.jpg,3
image_1686.jpg,4
image_1687.jpg,42
image_1688.jpg,18
image_1689.jpg,31
image_169.jpg,7
image_1690.jpg,60
image_1691.jpg,41
image_1692.jpg,32
image_1693.jpg,23
image_1694.jpg,20
image_1695.jpg,28
image_1696.jpg,30
image_1697.jpg,76
image_1698.jpg,40
image_1699.jpg,75
image_17.jpg,84
image_170.jpg,36
image_1700.jpg,58
image_1701.jpg,40
image_1702.jpg,40
image_1703.jpg,48
image_1704.jpg,27
image_1705.jpg,34
image_1706.jpg,69
image_1707.jpg,5
image_1708.jpg,3
image_1709.jpg,48
image_171.jpg,63
image_1710.jpg,28
image_1711.jpg,63
image_1712.jpg,46
image_1713.jpg,78
image_1714.jpg,25
image_1715.jpg,35
image_1716.jpg,9
image_1717.jpg,14
image_1718.jpg,25
image_1719.jpg,75
image_172.jpg,65
image_1720.jpg,53
image_1721.jpg,42
image_1722.jpg,18
image_1723.jpg,4
image_1724.jpg,28
image_1725.jpg,8
image_1726.jpg,70
image_1727.jpg,66
image_1728.jpg,4
image_1729.jpg,68
image_173.jpg,25
image_1730.jpg,14
image_1731.jpg,13
image_1732.jpg,41
image_1733.jpg,31
image_1734.jpg,40
image_1735.jpg,30
image_1736.jpg,55
image_1737.jpg,6
image_1738.jpg,54
image_1739.jpg,31
image_174.jpg,15
image_1740.jpg,45
image_1741.jpg,17
image_1742.jpg,65
image_1743.jpg,4
image_1744.jpg,36
image_1745.jpg,51
image_1746.jpg,7
image_1747.jpg,24
image_1748.jpg,41
image_1749.jpg,9
image_175.jpg,29
image_1750.jpg,69
image_1751.jpg,10
image_1752.jpg,11
image_1753.jpg,37
image_1754.jpg,45
image_1755.jpg,70
image_1756.jpg,49
image_1757.jpg,58
image_1758.jpg,35
image_1759.jpg,72
image_176.jpg,23
image_1760.jpg,79
image_1761.jpg,37
image_1762.jpg,30
image_1763.jpg,10
image_1764.jpg,31
image_1765.jpg,25
image_1766.jpg,66
image_1767.jpg,62
image_1768.jpg,49
image_1769.jpg,90
image_177.jpg,32
image_1770.jpg,67
image_1771.jpg,28
image_1772.jpg,27
image_1773.jpg,60
image_1774.jpg,60
image_1775.jpg,68
image_1776.jpg,5
image_1777.jpg,2
image_1778.jpg,46
image_1779.jpg,62
image_178.jpg,59
image_1780.jpg,10
image_1781.jpg,24
image_1782.jpg,25
image_1783.jpg,53
image_1784.jpg,50
image_1785.jpg,8
image_1786.jpg,3
image_1787.jpg,66
image_1788.jpg,26
image_1789.jpg,66
image_179.jpg,48
image_1790.jpg,53
image_1791.jpg,72
image_1792.jpg,62
image_1793.jpg,7
image_1794.jpg,74
image_1795.jpg,25
image_1796.jpg,52
image_1797.jpg,29
image_1798.jpg,33
image_1799.jpg,28
image_18.jpg,36
image_180.jpg,29
image_1800.jpg,44
image_1801.jpg,54
image_1802.jpg,41
image_1803.jpg,68
image_1804.jpg,43
image_1805.jpg,63
image_1806.jpg,61
image_1807.jpg,5
image_1808.jpg,18
image_1809.jpg,85
image_181.jpg,80
image_1810.jpg,31
image_1811.jpg,36
image_1812.jpg,74
image_1813.jpg,15
image_1814.jpg,25
image_1815.jpg,9
image_1816.jpg,29
image_1817.jpg,40
image_1818.jpg,22
image_1819.jpg,80
image_182.jpg,44
image_1820.jpg,61
image_1821.jpg,52
image_1822.jpg,67
image_1823.jpg,67
image_1824.jpg,14
image_1825.jpg,56
image_1826.jpg,23
image_1827.jpg,8
image_1828.jpg,69
image_1829.jpg,29
image_183.jpg,55
image_1830.jpg,16
image_1831.jpg,20
image_1832.jpg,69
image_1833.jpg,65
image_1834.jpg,50
image_1835.jpg,31
image_1836.jpg,26
image_1837.jpg,25
image_1838.jpg,64
image_1839.jpg,34
image_184.jpg,66
image_1840.jpg,75
image_1841.jpg,4
image_1842.jpg,32
image_1843.jpg,9
image_1844.jpg,52
image_1845.jpg,37
image_1846.jpg,56
image_1847.jpg,52
image_1848.jpg,31
image_1849.jpg,62
image_185.jpg,3
image_1850.jpg,60
image_1851.jpg,24
image_1852.jpg,39
image_1853.jpg,25
image_1854.jpg,70
image_1855.jpg,15
image_1856.jpg,64
image_1857.jpg,13
image_1858.jpg,35
image_1859.jpg,63
image_186.jpg,31
image_1860.jpg,38
image_1861.jpg,74
image_1862.jpg,55
image_1863.jpg,37
image_1864.jpg,47
image_1865.jpg,29
image_1866.jpg,67
image_1867.jpg,27
image_1868.jpg,35
image_1869.jpg,13
image_187.jpg,36
image_1870.jpg,33
image_1871.jpg,52
image_1872.jpg,44
image_1873.jpg,31
image_1874.jpg,49
image_1875.jpg,52
image_1876.jpg,27
image_1877.jpg,35
image_1878.jpg,62
image_1879.jpg,15
image_188.jpg,53
image_1880.jpg,25
image_1881.jpg,11
image_1882.jpg,54
image_1883.jpg,62
image_1884.jpg,30
image_1885.jpg,58
image_1886.jpg,69
image_1887.jpg,62
image_1888.jpg,72
image_1889.jpg,68
image_189.jpg,68
image_1890.jpg,30
image_1891.jpg,3
image_1892.jpg,11
image_1893.jpg,72
image_1894.jpg,49
image_1895.jpg,2
image_1896.jpg,69
image_1897.jpg,69
image_1898.jpg,66
image_1899.jpg,30
image_19.jpg,15
image_190.jpg,46
image_1900.jpg,63
image_1901.jpg,28
image_1902.jpg,54
image_1903.jpg,32
image_1904.jpg,25
image_1905.jpg,13
image_1906.jpg,59
image_1907.jpg,59
image_1908.jpg,73
image_1909.jpg,6
image_191.jpg,29
image_1910.jpg,31
image_1911.jpg,10
image_1912.jpg,2
image_1913.jpg,56
image_1914.jpg,36
image_1915.jpg,39
image_1916.jpg,37
image_1917.jpg,41
image_1918.jpg,28
image_1919.jpg,6
image_192.jpg,39
image_1920.jpg,38
image_1921.jpg,32
image_1922.jpg,48
image_1923.jpg,43
image_1924.jpg,60
image_1925.jpg,30
image_1926.jpg,23
image_1927.jpg,71
image_1928.jpg,31
image_1929.jpg,26
image_193.jpg,34
image_1930.jpg,66
image_1931.jpg,22
image_1932.jpg,17
image_1933.jpg,75
image_1934.jpg,58
image_1935.jpg,25
image_1936.jpg,6
image_1937.jpg,68
image_1938.jpg,40
image_1939.jpg,73
image_194.jpg,7
image_1940.jpg,65
image_1941.jpg,13
image_1942.jpg,2
image_1943.jpg,11
image_1944.jpg,55
image_1945.jpg,42
image_1946.jpg,33
image_1947.jpg,55
image_1948.jpg,45
image_1949.jpg,65
image_195.jpg,10
image_196.jpg,24
image_197.jpg,12
image_198.jpg,82
image_199.jpg,41
image_2.jpg,80
image_20.jpg,79
image_200.jpg,20
image_201.jpg,78
image_202.jpg,49
image_203.jpg,68
image_204.jpg,27
image_205.jpg,61
image_206.jpg,29
image_207.jpg,53
image_208.jpg,26
image_209.jpg,26
image_21.jpg,20
image_210.jpg,61
image_211.jpg,61
image_212.jpg,59
image_213.jpg,34
image_214.jpg,39
image_215.jpg,30
image_216.jpg,46
image_217.jpg,42
image_218.jpg,70
image_219.jpg,11
image_22.jpg,38
image_220.jpg,31
image_221.jpg,31
image_222.jpg,20
image_223.jpg,64
image_224.jpg,27
image_225.jpg,61
image_226.jpg,63
image_227.jpg,76
image_228.jpg,71
image_229.jpg,43
image_23.jpg,21
image_230.jpg,46
image_231.jpg,45
image_232.jpg,70
image_233.jpg,48
image_234.jpg,37
image_235.jpg,44
image_236.jpg,76
image_237.jpg,63
image_238.jpg,33
image_239.jpg,9
image_24.jpg,48
image_240.jpg,56
image_241.jpg,39
image_242.jpg,37
image_243.jpg,26
image_244.jpg,21
image_245.jpg,32
image_246.jpg,51
image_247.jpg,38
image_248.jpg,2
image_249.jpg,29
image_25.jpg,65
image_250.jpg,48
image_251.jpg,24
image_252.jpg,11
image_253.jpg,34
image_254.jpg,25
image_255.jpg,47
image_256.jpg,18
image_257.jpg,49
image_258.jpg,49
image_259.jpg,66
image_26.jpg,35
image_260.jpg,40
image_261.jpg,32
image_262.jpg,30
image_263.jpg,27
image_264.jpg,29
image_265.jpg,57
image_266.jpg,43
image_267.jpg,7
image_268.jpg,28
image_269.jpg,51
image_27.jpg,9
image_270.jpg,13
image_271.jpg,11
image_272.jpg,56
image_273.jpg,38
image_274.jpg,73
image_275.jpg,25
image_276.jpg,35
image_277.jpg,28
image_278.jpg,19
image_279.jpg,40
image_28.jpg,9
image_280.jpg,44
image_281.jpg,59
image_282.jpg,12
image_283.jpg,37
image_284.jpg,71
image_285.jpg,51
image_286.jpg,25
image_287.jpg,15
image_288.jpg,63
image_289.jpg,34
image_29.jpg,28
image_290.jpg,58
image_291.jpg,33
image_292.jpg,3
image_293.jpg,24
image_294.jpg,13
image_295.jpg,28
image_296.jpg,3
image_297.jpg,41
image_298.jpg,17
image_299.jpg,27
image_3.jpg,60
image_30.jpg,59
image_300.jpg,28
image_301.jpg,9
image_302.jpg,63
image_303.jpg,80
image_304.jpg,52
image_305.jpg,57
image_306.jpg,32
image_307.jpg,49
image_308.jpg,57
image_309.jpg,28
image_31.jpg,7
image_310.jpg,7
image_311.jpg,34
image_312.jpg,31
image_313.jpg,35
image_314.jpg,57
image_315.jpg,28
image_316.jpg,38
image_317.jpg,64
image_318.jpg,13
image_319.jpg,79
image_32.jpg,68
image_320.jpg,47
image_321.jpg,65
image_322.jpg,55
image_323.jpg,32
image_324.jpg,37
image_325.jpg,71
image_326.jpg,79
image_327.jpg,74
image_328.jpg,59
image_329.jpg,23
image_33.jpg,30
image_330.jpg,66
image_331.jpg,59
image_332.jpg,70
image_333.jpg,2
image_334.jpg,39
image_335.jpg,35
image_336.jpg,75
image_337.jpg,60
image_338.jpg,56
image_339.jpg,40
image_34.jpg,60
image_340.jpg,33
image_341.jpg,48
image_342.jpg,43
image_343.jpg,20
image_344.jpg,68
image_345.jpg,67
image_346.jpg,9
image_347.jpg,61
image_348.jpg,39
image_349.jpg,30
image_35.jpg,6
image_350.jpg,31
image_351.jpg,69
image_352.jpg,40
image_353.jpg,31
image_354.jpg,25
image_355.jpg,3
image_356.jpg,30
image_357.jpg,5
image_358.jpg,34
image_359.jpg,76
image_36.jpg,34
image_360.jpg,27
image_361.jpg,45
image_362.jpg,56
image_363.jpg,41
image_364.jpg,12
image_365.jpg,55
image_366.jpg,28
image_367.jpg,51
image_368.jpg,62
image_369.jpg,61
image_37.jpg,55
image_370.jpg,27
image_371.jpg,57
image_372.jpg,53
image_373.jpg,41
image_374.jpg,39
image_375.jpg,11
image_376.jpg,70
image_377.jpg,15
image_378.jpg,73
image_379.jpg,59
image_38.jpg,12
image_380.jpg,58
image_381.jpg,30
image_382.jpg,22
image_383.jpg,82
image_384.jpg,28
image_385.jpg,77
image_386.jpg,49
image_387.jpg,25
image_388.jpg,33
image_389.jpg,2
image_39.jpg,32
image_390.jpg,30
image_391.jpg,18
image_392.jpg,8
image_393.jpg,33
image_394.jpg,9
image_395.jpg,9
image_396.jpg,29
image_397.jpg,17
image_398.jpg,16
image_399.jpg,41
image_4.jpg,32
image_40.jpg,74
image_400.jpg,58
image_401.jpg,56
image_402.jpg,30
image_403.jpg,48
image_404.jpg,70
image_405.jpg,28
image_406.jpg,30
image_407.jpg,5
image_408.jpg,53
image_409.jpg,28
image_41.jpg,74
image_410.jpg,83
image_411.jpg,26
image_412.jpg,29
image_413.jpg,49
image_414.jpg,81
image_415.jpg,22
image_416.jpg,49
image_417.jpg,43
image_418.jpg,25
image_419.jpg,11
image_42.jpg,52
image_420.jpg,3
image_421.jpg,4
image_422.jpg,30
image_423.jpg,3
image_424.jpg,70
image_425.jpg,5
image_426.jpg,62
image_427.jpg,26
image_428.jpg,43
image_429.jpg,23
image_43.jpg,71
image_430.jpg,23
image_431.jpg,24
image_432.jpg,78
image_433.jpg,34
image_434.jpg,85
image_435.jpg,25
image_436.jpg,72
image_437.jpg,26
image_438.jpg,65
image_439.jpg,18
image_44.jpg,51
image_440.jpg,34
image_441.jpg,34
image_442.jpg,34
image_443.jpg,21
image_444.jpg,58
image_445.jpg,24
image_446.jpg,12
image_447.jpg,60
image_448.jpg,30
image_449.jpg,63
image_45.jpg,65
image_450.jpg,56
image_451.jpg,37
image_452.jpg,66
image_453.jpg,22
image_454.jpg,42
image_455.jpg,29
image_456.jpg,40
image_457.jpg,34
image_458.jpg,40
image_459.jpg,3
image_46.jpg,21
image_460.jpg,37
image_461.jpg,35
image_462.jpg,62
image_463.jpg,19
image_464.jpg,3
image_465.jpg,80
image_466.jpg,42
image_467.jpg,84
image_468.jpg,60
image_469.jpg,40
image_47.jpg,72
image_470.jpg,25
image_471.jpg,28
image_472.jpg,43
image_473.jpg,18
image_474.jpg,49
image_475.jpg,28
image_476.jpg,78
image_477.jpg,27
image_478.jpg,3
image_479.jpg,2
image_48.jpg,26
image_480.jpg,45
image_481.jpg,30
image_482.jpg,60
image_483.jpg,22
image_484.jpg,10
image_485.jpg,63
image_486.jpg,40
image_487.jpg,8
image_488.jpg,31
image_489.jpg,67
image_49.jpg,4
image_490.jpg,13
image_491.jpg,70
image_492.jpg,67
image_493.jpg,65
image_494.jpg,22
image_495.jpg,53
image_496.jpg,31
image_497.jpg,23
image_498.jpg,25
image_499.jpg,45
image_5.jpg,67
image_50.jpg,47
image_500.jpg,5
image_501.jpg,76
image_502.jpg,83
image_503.jpg,44
image_504.jpg,38
image_505.jpg,60
image_506.jpg,30
image_507.jpg,24
image_508.jpg,39
image_509.jpg,50
image_51.jpg,29
image_510.jpg,93
image_511.jpg,23
image_512.jpg,45
image_513.jpg,2
image_514.jpg,25
image_515.jpg,20
image_516.jpg,51
image_517.jpg,22
image_518.jpg,7
image_519.jpg,70
image_52.jpg,30
image_520.jpg,3
image_521.jpg,7
image_522.jpg,89
image_523.jpg,65
image_524.jpg,31
image_525.jpg,24
image_526.jpg,18
image_527.jpg,52
image_528.jpg,35
image_529.jpg,42
image_53.jpg,43
image_530.jpg,60
image_531.jpg,62
image_532.jpg,54
image_533.jpg,16
image_534.jpg,29
image_535.jpg,59
image_536.jpg,34
image_537.jpg,36
image_538.jpg,31
image_539.jpg,46
image_54.jpg,6
image_540.jpg,48
image_541.jpg,71
image_542.jpg,9
image_543.jpg,39
image_544.jpg,59
image_545.jpg,15
image_546.jpg,67
image_547.jpg,27
image_548.jpg,13
image_549.jpg,33
image_55.jpg,35
image_550.jpg,80
image_551.jpg,74
image_552.jpg,31
image_553.jpg,39
image_554.jpg,36
image_555.jpg,79
image_556.jpg,6
image_557.jpg,67
image_558.jpg,36
image_559.jpg,65
image_56.jpg,49
image_560.jpg,51
image_561.jpg,53
image_562.jpg,26
image_563.jpg,58
image_564.jpg,10
image_565.jpg,57
image_566.jpg,16
image_567.jpg,75
image_568.jpg,35
image_569.jpg,3
image_57.jpg,40
image_570.jpg,17
image_571.jpg,27
image_572.jpg,50
image_573.jpg,26
image_574.jpg,61
image_575.jpg,33
image_576.jpg,42
image_577.jpg,35
image_578.jpg,48
image_579.jpg,70
image_58.jpg,10
image_580.jpg,80
image_581.jpg,37
image_582.jpg,74
image_583.jpg,11
image_584.jpg,53
image_585.jpg,29
image_586.jpg,51
image_587.jpg,45
image_588.jpg,65
image_589.jpg,52
image_59.jpg,55
image_590.jpg,25
image_591.jpg,56
image_592.jpg,68
image_593.jpg,28
image_594.jpg,69
image_595.jpg,30
image_596.jpg,52
image_597.jpg,66
image_598.jpg,62
image_599.jpg,76
image_6.jpg,17
image_60.jpg,33
image_600.jpg,35
image_601.jpg,23
image_602.jpg,69
image_603.jpg,68
image_604.jpg,58
image_605.jpg,51
image_606.jpg,11
image_607.jpg,44
image_608.jpg,54
image_609.jpg,35
image_61.jpg,46
image_610.jpg,35
image_611.jpg,59
image_612.jpg,14
image_613.jpg,69
image_614.jpg,32
image_615.jpg,49
image_616.jpg,51
image_617.jpg,62
image_618.jpg,55
image_619.jpg,40
image_62.jpg,17
image_620.jpg,11
image_621.jpg,29
image_622.jpg,27
image_623.jpg,11
image_624.jpg,13
image_625.jpg,72
image_626.jpg,2
image_627.jpg,58
image_628.jpg,10
image_629.jpg,47
image_63.jpg,54
image_630.jpg,53
image_631.jpg,3
image_632.jpg,25
image_633.jpg,38
image_634.jpg,25
image_635.jpg,23
image_636.jpg,33
image_637.jpg,25
image_638.jpg,54
image_639.jpg,37
image_64.jpg,30
image_640.jpg,39
image_641.jpg,29
image_642.jpg,33
image_643.jpg,3
image_644.jpg,18
image_645.jpg,62
image_646.jpg,71
image_647.jpg,78
image_648.jpg,27
image_649.jpg,23
image_65.jpg,25
image_650.jpg,3
image_651.jpg,46
image_652.jpg,55
image_653.jpg,30
image_654.jpg,6
image_655.jpg,44
image_656.jpg,50
image_657.jpg,61
image_658.jpg,33
image_659.jpg,4
image_66.jpg,64
image_660.jpg,7
image_661.jpg,71
image_662.jpg,27
image_663.jpg,23
image_664.jpg,26
image_665.jpg,26
image_666.jpg,22
image_667.jpg,61
image_668.jpg,52
image_669.jpg,43
image_67.jpg,29
image_670.jpg,25
image_671.jpg,31
image_672.jpg,33
image_673.jpg,60
image_674.jpg,69
image_675.jpg,3
image_676.jpg,19
image_677.jpg,80
image_678.jpg,60
image_679.jpg,18
image_68.jpg,66
image_680.jpg,16
image_681.jpg,38
image_682.jpg,33
image_683.jpg,63
image_684.jpg,35
image_685.jpg,51
image_686.jpg,61
image_687.jpg,31
image_688.jpg,36
image_689.jpg,55
image_69.jpg,31
image_690.jpg,33
image_691.jpg,19
image_692.jpg,57
image_693.jpg,69
image_694.jpg,38
image_695.jpg,9
image_696.jpg,44
image_697.jpg,31
image_698.jpg,82
image_699.jpg,52
image_7.jpg,61
image_70.jpg,11
image_700.jpg,10
image_701.jpg,25
image_702.jpg,26
image_703.jpg,47
image_704.jpg,30
image_705.jpg,76
image_706.jpg,30
image_707.jpg,7
image_708.jpg,22
image_709.jpg,9
image_71.jpg,36
image_710.jpg,11
image_711.jpg,68
image_712.jpg,63
image_713.jpg,42
image_714.jpg,64
image_715.jpg,58
image_716.jpg,9
image_717.jpg,70
image_718.jpg,29
image_719.jpg,29
image_72.jpg,28
image_720.jpg,59
image_721.jpg,59
image_722.jpg,15
image_723.jpg,45
image_724.jpg,29
image_725.jpg,28
image_726.jpg,29
image_727.jpg,49
image_728.jpg,47
image_729.jpg,22
image_73.jpg,58
image_730.jpg,30
image_731.jpg,60
image_732.jpg,21
image_733.jpg,34
image_734.jpg,78
image_735.jpg,26
image_736.jpg,27
image_737.jpg,25
image_738.jpg,27
image_739.jpg,71
image_74.jpg,15
image_740.jpg,32
image_741.jpg,4
image_742.jpg,54
image_743.jpg,37
image_744.jpg,37
image_745.jpg,66
image_746.jpg,24
image_747.jpg,55
image_748.jpg,13
image_749.jpg,46
image_75.jpg,4
image_750.jpg,25
image_751.jpg,7
image_752.jpg,28
image_753.jpg,29
image_754.jpg,34
image_755.jpg,73
image_756.jpg,63
image_757.jpg,10
image_758.jpg,36
image_759.jpg,26
image_76.jpg,60
image_760.jpg,38
image_761.jpg,40
image_762.jpg,47
image_763.jpg,54
image_764.jpg,30
image_765.jpg,62
image_766.jpg,40
image_767.jpg,43
image_768.jpg,38
image_769.jpg,66
image_77.jpg,7
image_770.jpg,51
image_771.jpg,10
image_772.jpg,87
image_773.jpg,27
image_774.jpg,40
image_775.jpg,48
image_776.jpg,24
image_777.jpg,60
image_778.jpg,27
image_779.jpg,49
image_78.jpg,86
image_780.jpg,32
image_781.jpg,31
image_782.jpg,17
image_783.jpg,2
image_784.jpg,34
image_785.jpg,57
image_786.jpg,55
image_787.jpg,61
image_788.jpg,76
image_789.jpg,67
image_79.jpg,42
image_790.jpg,42
image_791.jpg,48
image_792.jpg,27
image_793.jpg,28
image_794.jpg,6
image_795.jpg,2
image_796.jpg,29
image_797.jpg,82
image_798.jpg,57
image_799.jpg,15
image_8.jpg,36
image_80.jpg,26
image_800.jpg,70
image_801.jpg,55
image_802.jpg,63
image_803.jpg,31
image_804.jpg,26
image_805.jpg,28
image_806.jpg,23
image_807.jpg,33
image_808.jpg,69
image_809.jpg,72
image_81.jpg,77
image_810.jpg,11
image_811.jpg,54
image_812.jpg,57
image_813.jpg,7
image_814.jpg,30
image_815.jpg,12
image_816.jpg,33
image_817.jpg,39
image_818.jpg,64
image_819.jpg,64
image_82.jpg,63
image_820.jpg,28
image_821.jpg,48
image_822.jpg,19
image_823.jpg,61
image_824.jpg,43
image_825.jpg,19
image_826.jpg,62
image_827.jpg,36
image_828.jpg,44
image_829.jpg,31
image_83.jpg,23
image_830.jpg,3
image_831.jpg,3
image_832.jpg,24
image_833.jpg,2
image_834.jpg,74
image_835.jpg,19
image_836.jpg,26
image_837.jpg,6
image_838.jpg,56
image_839.jpg,5
image_84.jpg,58
image_840.jpg,7
image_841.jpg,57
image_842.jpg,25
image_843.jpg,67
image_844.jpg,41
image_845.jpg,21
image_846.jpg,3
image_847.jpg,3
image_848.jpg,49
image_849.jpg,28
image_85.jpg,7
image_850.jpg,29
image_851.jpg,35
image_852.jpg,77
image_853.jpg,23
image_854.jpg,65
image_855.jpg,39
image_856.jpg,39
image_857.jpg,70
image_858.jpg,25
image_859.jpg,29
image_86.jpg,19
image_860.jpg,69
image_861.jpg,24
image_862.jpg,12
image_863.jpg,45
image_864.jpg,16
image_865.jpg,19
image_866.jpg,32
image_867.jpg,79
image_868.jpg,49
image_869.jpg,55
image_87.jpg,57
image_870.jpg,30
image_871.jpg,53
image_872.jpg,69
image_873.jpg,80
image_874.jpg,51
image_875.jpg,66
image_876.jpg,33
image_877.jpg,15
image_878.jpg,29
image_879.jpg,37
image_88.jpg,88
image_880.jpg,60
image_881.jpg,74
image_882.jpg,47
image_883.jpg,80
image_884.jpg,59
image_885.jpg,61
image_886.jpg,33
image_887.jpg,27
image_888.jpg,35
image_889.jpg,27
image_89.jpg,12
image_890.jpg,63
image_891.jpg,34
image_892.jpg,30
image_893.jpg,30
image_894.jpg,33
image_895.jpg,44
image_896.jpg,2
image_897.jpg,31
image_898.jpg,51
image_899.jpg,51
image_9.jpg,11
image_90.jpg,50
image_900.jpg,26
image_901.jpg,25
image_902.jpg,59
image_903.jpg,50
image_904.jpg,48
image_905.jpg,39
image_906.jpg,52
image_907.jpg,26
image_908.jpg,35
image_909.jpg,27
image_91.jpg,76
image_910.jpg,51
image_911.jpg,27
image_912.jpg,64
image_913.jpg,31
image_914.jpg,47
image_915.jpg,51
image_916.jpg,36
image_917.jpg,58
image_918.jpg,27
image_919.jpg,67
image_92.jpg,70
image_920.jpg,42
image_921.jpg,25
image_922.jpg,29
image_923.jpg,26
image_924.jpg,39
image_925.jpg,46
image_926.jpg,51
image_927.jpg,34
image_928.jpg,82
image_929.jpg,63
image_93.jpg,12
image_930.jpg,10
image_931.jpg,27
image_932.jpg,29
image_933.jpg,70
image_934.jpg,27
image_935.jpg,9
image_936.jpg,60
image_937.jpg,80
image_938.jpg,52
image_939.jpg,49
image_94.jpg,27
image_940.jpg,25
image_941.jpg,35
image_942.jpg,2
image_943.jpg,8
image_944.jpg,61
image_945.jpg,78
image_946.jpg,23
image_947.jpg,53
image_948.jpg,38
image_949.jpg,18
image_95.jpg,12
image_950.jpg,65
image_951.jpg,68
image_952.jpg,53
image_953.jpg,7
image_954.jpg,3
image_955.jpg,51
image_956.jpg,42
image_957.jpg,57
image_958.jpg,28
image_959.jpg,8
image_96.jpg,3
image_960.jpg,34
image_961.jpg,59
image_962.jpg,27
image_963.jpg,68
image_964.jpg,4
image_965.jpg,5
image_966.jpg,24
image_967.jpg,55
image_968.jpg,43
image_969.jpg,26
image_97.jpg,28
image_970.jpg,12
image_971.jpg,9
image_972.jpg,68
image_973.jpg,24
image_974.jpg,12
image_975.jpg,28
image_976.jpg,9
image_977.jpg,27
image_978.jpg,35
image_979.jpg,68
image_98.jpg,6
image_980.jpg,71
image_981.jpg,56
image_982.jpg,11
image_983.jpg,24
image_984.jpg,61
image_985.jpg,60
image_986.jpg,64
image_987.jpg,4
image_988.jpg,6
image_989.jpg,46
image_99.jpg,5
image_990.jpg,35
image_991.jpg,61
image_992.jpg,27
image_993.jpg,62
image_994.jpg,57
image_995.jpg,2
image_996.jpg,36
image_997.jpg,32
image_998.jpg,6
image_999.jpg,54
